ARTICLE_ID,NUMBER,TITLE_VN,TITLE_EN,TITLE_JP,INTRODUCTORY STATEMENT_VN,INTRODUCTORY STATEMENT_EN,INTRODUCTORY STATEMENT_JP
A0001,1,Phạm vi điều chỉnh,Scope of Regulation,調整範囲,NULL,NULL,NULL
A0002,2,Đối tượng áp dụng,Applicable Entities,適用対象,NULL,NULL,NULL
A0003,3,Đối tượng quyền sở hữu trí tuệ,Objects of Intellectual Property Rights,知的財産権の対象,NULL,NULL,NULL
A0004,4,Giải thích từ ngữ,Interpretation of Terms,用語の解釈,"Trong Luật này, các từ ngữ dưới đây được hiểu như sau:","In this Law, the following terms are construed as follows:",この法律において、次の用語は、それぞれ次のように解釈される。
A0005,5,Áp dụng pháp luật,Application of Law,法の適用,NULL,NULL,NULL
A0006,6,"Căn cứ phát sinh, xác lập quyền sở hữu trí tuệ",Basis for Arising and Establishing Intellectual Property Rights,知的財産権の発生および確立の根拠,NULL,NULL,NULL
A0007,7,Giới hạn quyền sở hữu trí tuệ,Limitations of Intellectual Property Rights,知的財産権の制限,NULL,NULL,NULL
A0008,8,Chính sách của Nhà nước về sở hữu trí tuệ,State Policies on Intellectual Property,知的財産に関する国家の政策,NULL,NULL,NULL
A0009,9,"Quyền và trách nhiệm của tổ chức, cá nhân trong việc bảo vệ quyền sở hữu trí tuệ",Rights and Responsibilities of Organizations and Individuals in Protecting Intellectual Property Rights,知的財産権を保護するための組織・個人の権利と責任,NULL,NULL,NULL
A0010,10,Nội dung quản lý nhà nước về sở hữu trí tuệ,Content of State Management on Intellectual Property,知的財産に関する国家管理の内容,NULL,NULL,NULL
A0011,11,Trách nhiệm quản lý nhà nước về sở hữu trí tuệ,Responsibilities for State Management on Intellectual Property,知的財産に関する国家管理の責任,NULL,NULL,NULL
A0012,12,"Phí, lệ phí về sở hữu trí tuệ",Fees and Charges Related to Intellectual Property,知的財産に関する手数料・料金,NULL,NULL,NULL
A0013,13,"Tác giả, chủ sở hữu quyền tác giả có tác phẩm được bảo hộ quyền tác giả",Authors and Owners of Copyrighted Works Protected by Copyright Law,著作権で保護される著作者および著作権者,NULL,NULL,NULL
A0014,14,Các loại hình tác phẩm được bảo hộ quyền tác giả,Types of Works Protected by Copyright Law,著作権で保護される作品の種類,NULL,NULL,NULL
A0015,15,Các đối tượng không thuộc phạm vi bảo hộ quyền tác giả,Objects Not Protected by Copyright Law,著作権の保護対象外の対象物,NULL,NULL,NULL
A0016,16,"Tổ chức, cá nhân được bảo hộ quyền liên quan",Organizations and Individuals Protected by Related Rights,関連権で保護される組織・個人,NULL,NULL,NULL
A0017,17,Các đối tượng quyền liên quan được bảo hộ,Objects of Related Rights Protected,関連権の保護対象,NULL,NULL,NULL
A0018,18,Quyền tác giả,Copyright,著作権,NULL,NULL,NULL
A0019,19,Quyền nhân thân,Moral Rights,人格権,Quyền nhân thân bao gồm các quyền sau đây:,Personal rights include the following rights:,個人の権利には以下の権利が含まれます。
A0020,20,Quyền tài sản,Economic Rights,財産権,NULL,NULL,NULL
A0021,21,"Quyền tác giả đối với tác phẩm điện ảnh, tác phẩm sân khấu",Copyright on Cinematographic and Theatrical Works,映画作品、舞台作品に対する著作権,NULL,NULL,NULL
A0022,22,"Quyền tác giả đối với chương trình máy tính, sưu tập dữ liệu",Copyright on Computer Programs and Data Collections,コンピュータープログラム、データコレクションに対する著作権,NULL,NULL,NULL
A0023,23,"Quyền tác giả đối với tác phẩm văn học, nghệ thuật dân gian",Copyright on Folklore Literary and Artistic Works,民間伝承の文学・芸術作品に対する著作権,NULL,NULL,NULL
A0024,24,"Quyền tác giả đối với tác phẩm văn học, nghệ thuật và khoa học","Copyright on Literary, Artistic, and Scientific Works",文学、芸術、科学作品に対する著作権,NULL,NULL,NULL
A0025,25,"Các trường hợp sử dụng tác phẩm đã công bố không phải xin phép, không phải trả tiền nhuận bút, thù lao",Cases of Use of Published Works Without Permission and Without Paying Royalties or Remuneration,公表済み作品の無断使用（許諾・報酬不要）,NULL,NULL,NULL
A0026,26,"Các trường hợp sử dụng tác phẩm đã công bố không phải xin phép nhưng phải trả tiền nhuận bút, thù lao",Cases of Use of Published Works Without Permission but With Royalties or Remuneration,公表済み作品の無断使用（許諾不要・報酬必要）,NULL,NULL,NULL
A0027,27,Thời hạn bảo hộ quyền tác giả,Term of Copyright Protection,著作権の保護期間,NULL,NULL,NULL
A0028,28,Hành vi xâm phạm quyền tác giả,Acts Infringing Copyright,著作権侵害行為,NULL,NULL,NULL
A0029,29,Quyền của người biểu diễn,Rights of Performers,実演者の権利,NULL,NULL,NULL
A0030,30,"Quyền của nhà sản xuất bản ghi âm, ghi hình",Rights of Producers of Sound and Video Recordings,録音・録画の製作者の権利,NULL,NULL,NULL
A0031,31,Quyền của tổ chức phát sóng,Rights of Broadcasting Organizations,放送機関の権利,NULL,NULL,NULL
A0032,32,"Các trường hợp sử dụng quyền liên quan không phải xin phép, không phải trả tiền nhuận bút, thù lao",Cases of Use of Related Rights Without Permission and Without Paying Royalties or Remuneration,関連権の無断使用（許諾・報酬不要）,NULL,NULL,NULL
A0033,33,"Các trường hợp sử dụng quyền liên quan không phải xin phép nhưng phải trả tiền nhuận bút, thù lao",Cases of Use of Related Rights Without Permission but With Royalties or Remuneration,関連権の無断使用（許諾不要・報酬必要）,NULL,NULL,NULL
A0034,34,Thời hạn bảo hộ quyền liên quan,Term of Protection of Related Rights,関連権の保護期間,NULL,NULL,NULL
A0035,35,Hành vi xâm phạm các quyền liên quan,Acts Infringing Related Rights,関連権の侵害行為,NULL,NULL,NULL
A0036,36,Chủ sở hữu quyền tác giả,Copyright Holders,著作権者,NULL,NULL,NULL
A0037,37,Chủ sở hữu quyền tác giả là tác giả,Copyright Holder is the Author,著作権者が著作者である場合,NULL,NULL,NULL
A0038,38,Chủ sở hữu quyền tác giả là các đồng tác giả,Copyright Holder is Co-authors,著作権者が共同著作者である場合,NULL,NULL,NULL
A0039,39,"Chủ sở hữu quyền tác giả là tổ chức, cá nhân giao nhiệm vụ cho tác giả hoặc giao kết hợp đồng với tác giả",Copyright Holder is the Organization or Individual Assigning or Contracting the Work,著作権者が任務・契約により作品を作成した組織・個人である場合,NULL,NULL,NULL
A0040,40,Chủ sở hữu quyền tác giả là người thừa kế,Copyright Holder is the Heir,著作権者が相続人である場合,NULL,NULL,NULL
A0041,41,Chủ sở hữu quyền tác giả là người được chuyển giao quyền,Copyright Holder is the Transferee,著作権者が権利を譲り受けた者である場合,NULL,NULL,NULL
A0042,42,Chủ sở hữu quyền tác giả là Nhà nước,Copyright Holder is the State,著作権者が国家である場合,NULL,NULL,NULL
A0043,43,Tác phẩm thuộc về công chúng,Works in the Public Domain,公衆の所有とされた作品,NULL,NULL,NULL
A0044,44,Chủ sở hữu quyền liên quan,Holders of Related Rights,関連権の所有者,NULL,NULL,NULL
A0045,45,"Quy định chung về chuyển nhượng quyền tác giả, quyền liên quan",General Provisions on Assignment of Copyright and Related Rights,著作権・関連権の譲渡に関する一般規定,NULL,NULL,NULL
A0046,46,"Hợp đồng chuyển nhượng quyền tác giả, quyền liên quan",Contract for Transfer of Copyright and Related Rights,著作権・関連権譲渡契約,NULL,NULL,NULL
A0047,47,"Quy định chung về chuyển quyền sử dụng quyền tác giả, quyền liên quan",General Provisions on Licensing of Copyright and Related Rights,著作権・関連権の利用許諾に関する一般規定,NULL,NULL,NULL
A0048,48,"Hợp đồng sử dụng quyền tác giả, quyền liên quan",Contract for Use of Copyright and Related Rights,著作権・関連権使用契約,NULL,NULL,NULL
A0049,49,"Đăng ký quyền tác giả, quyền liên quan",Registration of Copyright and Related Rights,著作権・関連権の登録,NULL,NULL,NULL
A0050,50,"Đơn đăng ký quyền tác giả, quyền liên quan",Application for Registration of Copyright and Related Rights,著作権・関連権登録申請書,NULL,NULL,NULL
A0051,51,"Thẩm quyền cấp Giấy chứng nhận đăng ký quyền tác giả, Giấy chứng nhận đăng ký quyền liên quan",Authority to Issue Copyright and Related Rights Registration Certificates,著作権登録証明書・関連権登録証明書の発行権限,NULL,NULL,NULL
A0052,52,"Thời hạn cấp Giấy chứng nhận đăng ký quyền tác giả, Giấy chứng nhận đăng ký quyền liên quan",Time Limit for Issuance of Copyright and Related Rights Registration Certificates,著作権登録証明書・関連権登録証明書の発行期間,NULL,NULL,NULL
A0053,53,"Hiệu lực Giấy chứng nhận đăng ký quyền tác giả, Giấy chứng nhận đăng ký quyền liên quan",Validity of Copyright and Related Rights Registration Certificates,著作権登録証明書・関連権登録証明書の有効性,NULL,NULL,NULL
A0054,54,"Đăng bạ và công bố đăng ký quyền tác giả, quyền liên quan",Recordation and Publication of Copyright and Related Rights Registration,著作権・関連権登録の記載・公表,NULL,NULL,NULL
A0055,55,"Cấp lại, đổi, huỷ bỏ hiệu lực Giấy chứng nhận đăng ký quyền tác giả, Giấy chứng nhận đăng ký quyền liên quan","Reissuance, Modification, or Revocation of Copyright and Related Rights Certificates",著作権登録証明書・関連権登録証明書の再発行・変更・効力の取消し,NULL,NULL,NULL
A0056,56,"Tổ chức đại diện tập thể quyền tác giả, quyền liên quan",Collective Management Organizations of Copyright and Related Rights,著作権・関連権の団体管理機関,NULL,NULL,NULL
A0057,57,"Tổ chức tư vấn, dịch vụ quyền tác giả, quyền liên quan",Advisory and Service Organizations on Copyright and Related Rights,著作権・関連権に関するコンサル・サービス機関,NULL,NULL,NULL
A0058,58,Điều kiện chung đối với sáng chế được bảo hộ,General Conditions for Patent Protection,特許保護の一般条件,NULL,NULL,NULL
A0059,59,Đối tượng không được bảo hộ với danh nghĩa sáng chế,Objects Not Protected as Patents,特許として保護されない対象,Các đối tượng sau đây không được bảo hộ với danh nghĩa sáng chế:,The following subjects are not protected as inventions:,以下の主題は発明として保護されません。
A0060,60,Tính mới của sáng chế,Novelty of Patent,特許の新規性,NULL,NULL,NULL
A0061,61,Trình độ sáng tạo của sáng chế,Inventive Step of Patent,特許の進歩性,NULL,NULL,NULL
A0062,62,Khả năng áp dụng công nghiệp của sáng chế,Industrial Applicability of Patent,特許の産業上の利用可能性,NULL,NULL,NULL
A0063,63,Điều kiện chung đối với kiểu dáng công nghiệp được bảo hộ,General Conditions for Protection of Industrial Designs,意匠保護の一般条件,Kiểu dáng công nghiệp được bảo hộ nếu đáp ứng các điều kiện sau đây:,Industrial designs are protected if they meet the following conditions:,工業デザインは、以下の条件を満たす場合に保護されます。
A0064,64,Đối tượng không được bảo hộ với danh nghĩa kiểu dáng công nghiệp,Objects Not Protected as Industrial Designs,意匠として保護されない対象,Các đối tượng sau đây không được bảo hộ với danh nghĩa kiểu dáng công nghiệp:,The following subjects are not protected as industrial designs:,以下の主題は工業デザインとして保護されません。
A0065,65,Tính mới của kiểu dáng công nghiệp,Novelty of Industrial Design,意匠の新規性,NULL,NULL,NULL
A0066,66,Tính sáng tạo của kiểu dáng công nghiệp,Creative Nature of Industrial Design,意匠の創作性,NULL,NULL,NULL
A0067,67,Khả năng áp dụng công nghiệp của kiểu dáng công nghiệp,Industrial Applicability of Industrial Design,意匠の産業上の利用可能性,NULL,NULL,NULL
A0068,68,Điều kiện chung đối với thiết kế bố trí được bảo hộ,General Conditions for Protection of Layout Designs,レイアウト設計の保護に関する一般条件,Thiết kế bố trí được bảo hộ nếu đáp ứng các điều kiện sau đây:,A layout design is protected if it meets the following conditions:,レイアウト設計は、次の条件を満たす場合に保護されます。
A0069,69,Đối tượng không được bảo hộ với danh nghĩa thiết kế bố trí,Objects Not Protected as Layout Designs,レイアウト設計として保護されない対象,Các đối tượng sau đây không được bảo hộ với danh nghĩa thiết kế bố trí:,The following subjects are not protected as layout designs:,以下の主題はレイアウトデザインとして保護されません。
A0070,70,Tính nguyên gốc của thiết kế bố trí,Originality of Layout Design,レイアウト設計の独創性,NULL,NULL,NULL
A0071,71,Tính mới thương mại của thiết kế bố trí,Commercial Novelty of Layout Design,レイアウト設計の商業的新規性,NULL,NULL,NULL
A0072,72,Điều kiện chung đối với nhãn hiệu được bảo hộ,General Conditions for Protection of Trademarks,商標保護の一般条件,Nhãn hiệu được bảo hộ nếu đáp ứng các điều kiện sau đây:,A trademark is protected if it meets the following conditions:,商標は、以下の条件を満たす場合に保護されます。
A0073,73,Dấu hiệu không được bảo hộ với danh nghĩa nhãn hiệu,Signs Not Protected as Trademarks,商標として保護されない標章,Các dấu hiệu sau đây không được bảo hộ với danh nghĩa nhãn hiệu:,The following signs are not protected as trademarks:,以下の標識は商標として保護されません。
A0074,74,Khả năng phân biệt của nhãn hiệu,Distinctiveness of Trademarks,商標の識別性,NULL,NULL,NULL
A0075,75,Tiêu chí đánh giá nhãn hiệu nổi tiếng,Criteria for Evaluating Well-Known Trademarks,周知商標の評価基準,Các tiêu chí sau đây được xem xét khi đánh giá một nhãn hiệu là nổi tiếng:,The following criteria are considered when determining whether a trademark is famous:,商標が著名かどうかを判断する際には、次の基準が考慮されます。
A0076,76,Điều kiện chung đối với tên thương mại được bảo hộ,General Conditions for Protection of Trade Names,商号保護の一般条件,NULL,NULL,NULL
A0077,77,Đối tượng không được bảo hộ với danh nghĩa tên thương mại,Objects Not Protected as Trade Names,商号として保護されない対象,NULL,NULL,NULL
A0078,78,Khả năng phân biệt của tên thương mại,Distinctiveness of Trade Names,商号の識別性,Tên thương mại được coi là có khả năng phân biệt nếu đáp ứng các điều kiện sau đây:,A trade name is considered distinctive if it meets the following conditions:,商号は、以下の条件を満たす場合に特徴的であるとみなされます。
A0079,79,Điều kiện chung đối với chỉ dẫn địa lý được bảo hộ,General Conditions for Protection of Geographical Indications,地理的表示保護の一般条件,Chỉ dẫn địa lý được bảo hộ nếu đáp ứng các điều kiện sau đây:,Geographical indications are protected if they meet the following conditions:,地理的表示は、以下の条件を満たす場合に保護されます。
A0080,80,Đối tượng không được bảo hộ với danh nghĩa chỉ dẫn địa lý,Objects Not Protected as Geographical Indications,地理的表示として保護されない対象,Các đối tượng sau đây không được bảo hộ với danh nghĩa chỉ dẫn địa lý:,The following subjects are not protected as geographical indications:,以下の対象は地理的表示として保護されません。
A0081,81,"Danh tiếng, chất lượng, đặc tính của sản phẩm mang chỉ dẫn địa lý","Reputation, Quality, Characteristics of Products Bearing Geographical Indications",地理的表示を有する商品の名声・品質・特性,NULL,NULL,NULL
A0082,82,Điều kiện địa lý liên quan đến chỉ dẫn địa lý,Geographical Conditions Related to Geographical Indications,地理的表示に関連する地理的条件,NULL,NULL,NULL
A0083,83,Khu vực địa lý mang chỉ dẫn địa lý,Geographical Area Bearing the Geographical Indication,地理的表示を有する地域,NULL,NULL,NULL
A0084,84,Điều kiện chung đối với bí mật kinh doanh được bảo hộ,General Conditions for Protection of Trade Secrets,営業秘密保護の一般条件,Bí mật kinh doanh được bảo hộ nếu đáp ứng các điều kiện sau đây:,A trade secret is protected if it meets the following conditions:,企業秘密は、以下の条件を満たす場合に保護されます。
A0085,85,Đối tượng không được bảo hộ với danh nghĩa bí mật kinh doanh,Objects Not Protected as Trade Secrets,営業秘密として保護されない対象,Các thông tin bí mật sau đây không được bảo hộ với danh nghĩa bí mật kinh doanh:,The following confidential information is not protected as a trade secret:,以下の機密情報は企業秘密として保護されません。
A0086,86,"Quyền đăng ký sáng chế, kiểu dáng công nghiệp, thiết kế bố trí","Right to Register Patents, Industrial Designs, Layout Designs",特許、意匠、レイアウト設計の登録権,NULL,NULL,NULL
A0087,87,Quyền đăng ký nhãn hiệu,Right to Register Trademarks,商標登録の権利,NULL,NULL,NULL
A0088,88,Quyền đăng ký chỉ dẫn địa lý,Right to Register Geographical Indications,地理的表示登録の権利,NULL,NULL,NULL
A0089,89,Cách thức nộp đơn đăng ký xác lập quyền sở hữu công nghiệp,Methods of Filing Applications for Establishing Industrial Property Rights,工業所有権確立のための出願方法,NULL,NULL,NULL
A0090,90,Nguyên tắc nộp đơn đầu tiên,First-to-File Principle,先願主義,NULL,NULL,NULL
A0091,91,Nguyên tắc ưu tiên,Priority Principle,優先権の原則,NULL,NULL,NULL
A0092,92,Văn bằng bảo hộ,Protection Titles,保護証書,NULL,NULL,NULL
A0093,93,Hiệu lực của văn bằng bảo hộ,Validity of Protection Titles,保護証書の有効性,NULL,NULL,NULL
A0094,94,"Duy trì, gia hạn hiệu lực văn bằng bảo hộ",Maintenance and Renewal of Protection Titles,保護証書の維持・更新,NULL,NULL,NULL
A0095,95,Chấm dứt hiệu lực văn bằng bảo hộ,Termination of Protection Titles,保護証書の効力の終了,NULL,NULL,NULL
A0096,96,Huỷ bỏ hiệu lực văn bằng bảo hộ,Invalidation of Protection Titles,保護証書の効力の取消し,NULL,NULL,NULL
A0097,97,Sửa đổi văn bằng bảo hộ,Amendment of Protection Titles,保護証書の修正,NULL,NULL,NULL
A0098,98,Sổ đăng ký quốc gia về sở hữu công nghiệp,National Register of Industrial Property,国家工業所有権登録簿,NULL,NULL,NULL
A0099,99,Công bố các quyết định liên quan đến văn bằng bảo hộ,Publication of Decisions Related to Protection Titles,保護証書に関する決定の公表,NULL,NULL,NULL
A0100,100,Yêu cầu chung đối với đơn đăng ký sở hữu công nghiệp,General Requirements for Industrial Property Applications,工業所有権出願に関する一般要件,NULL,NULL,NULL
A0101,101,Yêu cầu về tính thống nhất của đơn đăng ký sở hữu công nghiệp,Requirement of Unity in Industrial Property Applications,工業所有権出願の一体性要件,NULL,NULL,NULL
A0102,102,Yêu cầu đối với đơn đăng ký sáng chế,Requirements for Patent Applications,特許出願の要件,NULL,NULL,NULL
A0103,103,Yêu cầu đối với đơn đăng ký kiểu dáng công nghiệp,Requirements for Industrial Design Applications,意匠出願の要件,NULL,NULL,NULL
A0104,104,Yêu cầu đối với đơn đăng ký thiết kế bố trí,Requirements for Layout Design Applications,レイアウト設計出願の要件,"Tài liệu, mẫu vật, thông tin xác định thiết kế bố trí cần bảo hộ trong đơn đăng ký thiết kế bố trí bao gồm:","Documents, samples, and information identifying the layout design requiring protection in the layout design registration application include:",レイアウト設計登録出願において保護を必要とするレイアウト設計を特定する文書、サンプルおよび情報には、次のものが含まれます。
A0105,105,Yêu cầu đối với đơn đăng ký nhãn hiệu,Requirements for Trademark Applications,商標出願の要件,NULL,NULL,NULL
A0106,106,Yêu cầu đối với đơn đăng ký chỉ dẫn địa lý,Requirements for Geographical Indication Applications,地理的表示出願の要件,NULL,NULL,NULL
A0107,107,Uỷ quyền đại diện trong các thủ tục liên quan đến quyền sở hữu công nghiệp,Authorization of Representatives in Industrial Property Procedures,工業所有権手続における代理権の委任,NULL,NULL,NULL
A0108,108,"Tiếp nhận đơn đăng ký sở hữu công nghiệp, ngày nộp đơn",Receipt of Industrial Property Applications and Date of Filing,工業所有権出願の受付と出願日,NULL,NULL,NULL
A0109,109,Thẩm định hình thức đơn đăng ký sở hữu công nghiệp,Formality Examination of Industrial Property Applications,工業所有権出願の方式審査,NULL,NULL,NULL
A0110,110,Công bố đơn đăng ký sở hữu công nghiệp,Publication of Industrial Property Applications,工業所有権出願の公表,NULL,NULL,NULL
A0111,111,"Bảo mật đơn đăng ký sáng chế, đơn đăng ký kiểu dáng công nghiệp trước khi công bố",Confidentiality of Patent and Industrial Design Applications Before Publication,公開前の特許・意匠出願の機密保持,NULL,NULL,NULL
A0112,112,Ý kiến của người thứ ba về việc cấp văn bằng bảo hộ,Third Party Opinions on Grant of Protection Titles,保護証書発行に関する第三者の意見,NULL,NULL,NULL
A0113,113,Yêu cầu thẩm định nội dung đơn đăng ký sáng chế,Request for Substantive Examination of Patent Applications,特許出願の実体審査請求,NULL,NULL,NULL
A0114,114,Thẩm định nội dung đơn đăng ký sở hữu công nghiệp,Substantive Examination of Industrial Property Applications,工業所有権出願の実体審査,NULL,NULL,NULL
A0115,115,"Sửa đổi, bổ sung, tách, chuyển đổi đơn đăng ký sở hữu công nghiệp","Amendment, Supplementation, Division, and Conversion of Industrial Property Applications",工業所有権出願の修正・補足・分割・変換,NULL,NULL,NULL
A0116,116,Rút đơn đăng ký sở hữu công nghiệp,Withdrawal of Industrial Property Applications,工業所有権出願の取り下げ,NULL,NULL,NULL
A0117,117,Từ chối cấp văn bằng bảo hộ,Refusal to Grant Protection Titles,保護証書の発行拒否,NULL,NULL,NULL
A0118,118,"Cấp văn bằng bảo hộ, đăng bạ",Grant and Recordation of Protection Titles,保護証書の発行・登録,NULL,NULL,NULL
A0119,119,Thời hạn xử lý đơn đăng ký sở hữu công nghiệp,Time Limit for Processing Industrial Property Applications,工業所有権出願の処理期間,NULL,NULL,NULL
A0120,120,Đơn quốc tế và xử lý đơn quốc tế,International Applications and Processing of International Applications,国際出願およびその処理,NULL,NULL,NULL
A0121,121,Chủ sở hữu đối tượng sở hữu công nghiệp,Owners of Industrial Property Objects,工業所有権対象の所有者,NULL,NULL,NULL
A0122,122,"Tác giả và quyền của tác giả sáng chế, kiểu dáng công nghiệp, thiết kế bố trí","Inventors and Rights of Inventors of Patents, Industrial Designs, and Layout Designs",特許、意匠、レイアウト設計の発明者およびその権利,NULL,NULL,NULL
A0123,123,Quyền của chủ sở hữu đối tượng sở hữu công nghiệp,Rights of Owners of Industrial Property Objects,工業所有権対象の所有者の権利,NULL,NULL,NULL
A0124,124,Sử dụng đối tượng sở hữu công nghiệp,Use of Industrial Property Objects,工業所有権対象の利用,NULL,NULL,NULL
A0125,125,Quyền ngăn cấm người khác sử dụng đối tượng sở hữu công nghiệp,Right to Prevent Others from Using Industrial Property Objects,他者による工業所有権対象の使用禁止権,NULL,NULL,NULL
A0126,126,"Hành vi xâm phạm quyền đối với sáng chế, kiểu dáng công nghiệp, thiết kế bố trí","Acts Infringing Patents, Industrial Designs, Layout Designs",特許、意匠、レイアウト設計に対する権利侵害行為,"Các hành vi sau đây bị coi là xâm phạm quyền của chủ sở hữu sáng chế, kiểu dáng công nghiệp, thiết kế bố trí:","The following acts are considered to infringe upon the rights of the owner of a patent, industrial design or layout design:",以下の行為は、特許、意匠または回路配置の所有者の権利を侵害するものとみなされます。
A0127,127,Hành vi xâm phạm quyền đối với bí mật kinh doanh,Acts Infringing Trade Secrets,営業秘密に対する権利侵害行為,NULL,NULL,NULL
A0128,128,Nghĩa vụ bảo mật dữ liệu thử nghiệm,Obligation to Keep Confidential Experimental Data,試験データの機密保持義務,NULL,NULL,NULL
A0129,129,"Hành vi xâm phạm quyền đối với nhãn hiệu, tên thương mại và chỉ dẫn địa lý","Acts Infringing Trademarks, Trade Names, and Geographical Indications",商標、商号、地理的表示に対する権利侵害行為,NULL,NULL,NULL
A0130,130,Hành vi cạnh tranh không lành mạnh,Acts of Unfair Competition,不正競争行為,NULL,NULL,NULL
A0131,131,"Quyền tạm thời đối với sáng chế, kiểu dáng công nghiệp, thiết kế bố trí","Provisional Rights for Patents, Industrial Designs, Layout Designs",特許、意匠、レイアウト設計に対する暫定的権利,NULL,NULL,NULL
A0132,132,Các yếu tố hạn chế quyền sở hữu công nghiệp,Restrictions on Industrial Property Rights,工業所有権の制限要因,"Theo quy định của Luật này, quyền sở hữu công nghiệp có thể bị hạn chế bởi các yếu tố sau đây:","According to the provisions of this Law, industrial property rights may be limited by the following factors:",この法律の規定によれば、工業所有権は以下の要因によって制限される可能性がある。
A0133,133,Quyền sử dụng sáng chế nhân danh Nhà nước,Right to Use Patents in the Name of the State,国家名義による特許の使用権,NULL,NULL,NULL
A0134,134,"Quyền sử dụng trước đối với sáng chế, kiểu dáng công nghiệp",Prior Use Rights of Patents and Industrial Designs,特許・意匠の先使用権,NULL,NULL,NULL
A0135,135,"Nghĩa vụ trả thù lao cho tác giả sáng chế, kiểu dáng công nghiệp, thiết kế bố trí","Obligation to Pay Remuneration to Inventors of Patents, Industrial Designs, Layout Designs",特許、意匠、レイアウト設計の発明者に対する報酬義務,NULL,NULL,NULL
A0136,136,"Nghĩa vụ sử dụng sáng chế, nhãn hiệu",Obligation to Use Patents and Trademarks,特許、商標の使用義務,NULL,NULL,NULL
A0137,137,Nghĩa vụ cho phép sử dụng sáng chế cơ bản nhằm sử dụng sáng chế phụ thuộc,Obligation to License a Basic Patent for Use of a Dependent Patent,従属特許使用のための基本特許使用許可義務,NULL,NULL,NULL
A0138,138,Quy định chung về chuyển nhượng quyền sở hữu công nghiệp,General Provisions on Assignment of Industrial Property Rights,工業所有権譲渡に関する一般規定,NULL,NULL,NULL
A0139,139,Các điều kiện hạn chế việc chuyển nhượng quyền sở hữu công nghiệp,Conditions Restricting Assignment of Industrial Property Rights,工業所有権譲渡の制限条件,NULL,NULL,NULL
A0140,140,Nội dung của hợp đồng chuyển nhượng quyền sở hữu công nghiệp,Contents of Contract for Assignment of Industrial Property Rights,工業所有権譲渡契約の内容,Hợp đồng chuyển nhượng quyền sở hữu công nghiệp phải có các nội dung chủ yếu sau đây:,An industrial property rights transfer contract must have the following main contents:,工業所有権譲渡契約には、主に以下のような内容が含まれます。
A0141,141,Quy định chung về chuyển quyền sử dụng đối tượng sở hữu công nghiệp,General Provisions on Licensing of Industrial Property Objects,工業所有権対象の使用許諾に関する一般規定,NULL,NULL,NULL
A0142,142,Hạn chế việc chuyển quyền sử dụng đối tượng sở hữu công nghiệp,Restrictions on Licensing of Industrial Property Objects,工業所有権対象の使用許諾の制限,NULL,NULL,NULL
A0143,143,Các dạng hợp đồng sử dụng đối tượng sở hữu công nghiệp,Types of Contracts for Use of Industrial Property Objects,工業所有権対象の使用契約の種類,Hợp đồng sử dụng đối tượng sở hữu công nghiệp gồm các dạng sau đây:,Contracts for the use of industrial property objects include the following forms:,工業所有権物件の使用に関する契約には、以下の形式があります。
A0144,144,Nội dung hợp đồng sử dụng đối tượng sở hữu công nghiệp,Contents of Contracts for Use of Industrial Property Objects,工業所有権対象の使用契約の内容,NULL,NULL,NULL
A0145,145,Căn cứ bắt buộc chuyển giao quyền sử dụng đối với sáng chế,Grounds for Compulsory Licensing of Patents,特許使用権の強制移転の根拠,NULL,NULL,NULL
A0146,146,Điều kiện hạn chế quyền sử dụng sáng chế được chuyển giao theo quyết định bắt buộc,Conditions Limiting Rights of Patents Subject to Compulsory Licensing,強制移転された特許使用権に関する制限条件,NULL,NULL,NULL
A0147,147,Thẩm quyền và thủ tục chuyển giao quyền sử dụng sáng chế theo quyết định bắt buộc,Authority and Procedures for Compulsory Licensing of Patents,特許使用権強制移転の権限および手続き,NULL,NULL,NULL
A0148,148,Hiệu lực của hợp đồng chuyển giao quyền sở hữu công nghiệp,Validity of Contracts for Transfer of Industrial Property Rights,工業所有権譲渡契約の有効性,NULL,NULL,NULL
A0149,149,Hồ sơ đăng ký hợp đồng chuyển giao quyền sở hữu công nghiệp,Registration Dossiers for Contracts on Transfer of Industrial Property Rights,工業所有権譲渡契約登録申請書類,"Hồ sơ đăng ký hợp đồng sử dụng đối tượng sở hữu công nghiệp, hợp đồng chuyển nhượng quyền sở hữu công nghiệp bao gồm:",The application file for registration of industrial property use contract and industrial property transfer contract includes:,工業所有権使用契約及び工業所有権譲渡契約の登録申請書類には、以下のものが含まれます。
A0150,150,Xử lý hồ sơ đăng ký hợp đồng chuyển giao quyền sở hữu công nghiệp,Processing of Registration Dossiers for Contracts on Transfer of Industrial Property Rights,工業所有権譲渡契約登録の処理,NULL,NULL,NULL
A0151,151,Dịch vụ đại diện sở hữu công nghiệp,Industrial Property Representation Services,工業所有権代理サービス,NULL,NULL,NULL
A0152,152,Phạm vi quyền của đại diện sở hữu công nghiệp,Scope of Rights of Industrial Property Representatives,工業所有権代理人の権限の範囲,NULL,NULL,NULL
A0153,153,Trách nhiệm của đại diện sở hữu công nghiệp,Responsibilities of Industrial Property Representatives,工業所有権代理人の責任,NULL,NULL,NULL
A0154,154,Điều kiện kinh doanh dịch vụ đại diện sở hữu công nghiệp,Conditions for Provision of Industrial Property Representation Services,工業所有権代理サービスの営業条件,Tổ chức đáp ứng các điều kiện sau đây được kinh doanh dịch vụ đại diện sở hữu công nghiệp với danh nghĩa tổ chức dịch vụ đại diện sở hữu công nghiệp:,Organizations that meet the following conditions are allowed to conduct industrial property representation services as industrial property representation service organizations:,以下の条件を満たす団体は、産業財産権代理サービス機関として産業財産権代理サービスを行うことができます。
A0155,155,Điều kiện hành nghề dịch vụ đại diện sở hữu công nghiệp,Conditions for Practicing Industrial Property Representation Services,工業所有権代理業務の実施条件,NULL,NULL,NULL
A0156,156,"Ghi nhận, xoá tên tổ chức dịch vụ đại diện sở hữu công nghiệp, thu hồi chứng chỉ hành nghề dịch vụ đại diện sở hữu công nghiệp",Registration and Revocation of Industrial Property Representative Organizations and Certificates,代理サービス組織の記載・抹消、資格証の取り消し,NULL,NULL,NULL
A0157,157,"Tổ chức, cá nhân được bảo hộ quyền đối với giống cây trồng",Organizations and Individuals Protected in Terms of Plant Variety Rights,植物品種に対する保護を受ける組織・個人,NULL,NULL,NULL
A0158,158,Điều kiện chung đối với giống cây trồng được bảo hộ,General Conditions for Protection of Plant Varieties,植物品種保護の一般条件,NULL,NULL,NULL
A0159,159,Tính mới của giống cây trồng,Novelty of Plant Variety,植物品種の新規性,NULL,NULL,NULL
A0160,160,Tính khác biệt của giống cây trồng,Distinctness of Plant Variety,植物品種の識別性,NULL,NULL,NULL
A0161,161,Tính đồng nhất của giống cây trồng,Uniformity of Plant Variety,植物品種の均一性,NULL,NULL,NULL
A0162,162,Tính ổn định của giống cây trồng,Stability of Plant Variety,植物品種の安定性,NULL,NULL,NULL
A0163,163,Tên của giống cây trồng,Denomination of Plant Variety,植物品種の名称,NULL,NULL,NULL
A0164,164,Đăng ký quyền đối với giống cây trồng,Registration of Plant Variety Rights,植物品種権の登録,NULL,NULL,NULL
A0165,165,Cách thức nộp đơn đăng ký quyền đối với giống cây trồng,Methods of Filing Applications for Protection of Plant Varieties,植物品種権登録の出願方法,NULL,NULL,NULL
A0166,166,Nguyên tắc nộp đơn đầu tiên đối với giống cây trồng,First-to-File Principle for Plant Varieties,植物品種に対する先願主義,NULL,NULL,NULL
A0167,167,Nguyên tắc ưu tiên đối với đơn đăng ký bảo hộ,Priority Principle for Protection Applications,植物品種保護出願の優先原則,NULL,NULL,NULL
A0168,168,Bằng bảo hộ giống cây trồng và Sổ đăng ký quốc gia về giống cây trồng được bảo hộ,Protection Certificate and National Register for Protected Plant Varieties,植物品種保護証および国家登録簿,NULL,NULL,NULL
A0169,169,Hiệu lực của Bằng bảo hộ giống cây trồng,Validity of Protection Certificate for Plant Varieties,植物品種保護証の有効性,NULL,NULL,NULL
A0170,170,"Đình chỉ, phục hồi hiệu lực Bằng bảo hộ giống cây trồng",Suspension and Restoration of Validity of Protection Certificates,植物品種保護証の停止および回復,NULL,NULL,NULL
A0171,171,Huỷ bỏ hiệu lực Bằng bảo hộ giống cây trồng,Revocation of Protection Certificates,植物品種保護証の取消し,NULL,NULL,NULL
A0172,172,"Sửa đổi, cấp lại Bằng bảo hộ giống cây trồng",Amendment and Reissuance of Protection Certificates,植物品種保護証の修正・再発行,NULL,NULL,NULL
A0173,173,Công bố quyết định liên quan đến Bằng bảo hộ giống cây trồng,Publication of Decisions on Plant Variety Protection Certificates,植物品種保護証に関する決定の公表,NULL,NULL,NULL
A0174,174,Đơn đăng k‎ý bảo hộ,Protection Application for Plant Varieties,植物品種保護出願,NULL,NULL,NULL
A0175,175,"Tiếp nhận đơn đăng ký bảo hộ, ngày nộp đơn",Receipt and Filing Date of Protection Applications,出願の受付および出願日,NULL,NULL,NULL
A0176,176,Thẩm định hình thức đơn đăng ký bảo hộ,Formality Examination of Protection Applications,出願書類の方式審査,NULL,NULL,NULL
A0177,177,Công bố đơn đăng ký bảo hộ,Publication of Protection Applications,出願の公表,NULL,NULL,NULL
A0178,178,Thẩm định nội dung đơn đăng ký bảo hộ,Substantive Examination of Protection Applications,出願の実体審査,NULL,NULL,NULL
A0179,179,"Sửa đổi, bổ sung đơn đăng ký bảo hộ",Amendment and Supplementation of Protection Applications,出願書類の補正,NULL,NULL,NULL
A0180,180,Rút đơn đăng ký bảo hộ,Withdrawal of Protection Applications,出願の取下げ,NULL,NULL,NULL
A0181,181,Ý kiến của người thứ ba về việc cấp Bằng bảo hộ giống cây trồng,Third Party Opinions on Grant of Protection Certificates,第三者による植物品種保護証の意見,NULL,NULL,NULL
A0182,182,Từ chối cấp Bằng bảo hộ giống cây trồng,Refusal to Grant Protection Certificates,植物品種保護証の発行拒否,"Đơn đăng ký bảo hộ bị từ chối cấp Bằng bảo hộ giống cây trồng trong trường hợp giống cây trồng không đáp ứng được các điều kiện quy định tại Điều 176 và Điều 178 của Luật này. Trong trường hợp từ chối cấp Bằng bảo hộ giống cây trồng, cơ quan quản lý nhà nước về quyền đối với giống cây trồng thực hiện các thủ tục sau đây:","An application for protection shall be refused to grant a Plant Variety Protection Certificate in cases where the plant variety does not satisfy the conditions specified in Articles 176 and 178 of this Law. In case of refusal to grant a Plant Variety Protection Certificate, the State management agency for rights to plant varieties shall carry out the following procedures:",保護申請において、植物品種が本法第176条及び第178条に規定された条件を満たしていない場合、植物品種保護証書の交付は拒否される。植物品種保護証書の交付を拒否する場合、植物品種権利管理機関は以下の手続きを行う。
A0183,183,Cấp Bằng bảo hộ giống cây trồng,Issuance of Protection Certificates,植物品種保護証の発行,NULL,NULL,NULL
A0184,184,Khiếu nại việc cấp hoặc từ chối cấp Bằng bảo hộ giống cây trồng,Complaints on Grant or Refusal of Protection Certificates,保護証発行・拒否に関する異議申立て,NULL,NULL,NULL
A0185,185,Quyền tác giả giống cây trồng,Breeder's Rights,植物品種の著作権,Tác giả giống cây trồng có các quyền sau đây:,Plant variety authors have the following rights:,植物品種の著者には以下の権利があります。
A0186,186,Quyền của chủ bằng bảo hộ,Rights of the Holder of the Protection Certificate,保護証所有者の権利,NULL,NULL,NULL
A0187,187,Mở rộng quyền của chủ bằng bảo hộ,Extension of Rights of the Protection Certificate Holder,保護証所有者の権利の拡張,Quyền của chủ bằng bảo hộ được mở rộng đối với các giống cây trồng sau đây:,The rights of the protection certificate holder are extended to the following plant varieties:,保護証明書保有者の権利は、以下の植物品種にまで及びます。
A0188,188,Hành vi xâm phạm quyền đối với giống cây trồng,Acts Infringing Plant Variety Rights,植物品種に対する権利侵害行為,Các hành vi sau đây bị coi là xâm phạm quyền của chủ bằng bảo hộ:,The following acts are considered to infringe upon the rights of the patent owner:,以下の行為は特許権者の権利を侵害するものとみなされます。
A0189,189,Quyền tạm thời đối với giống cây trồng,Provisional Rights to Plant Varieties,植物品種に対する暫定的権利,NULL,NULL,NULL
A0190,190,Hạn chế quyền của chủ bằng bảo hộ giống cây trồng,Limitations on Rights of Plant Variety Protection Holders,植物品種保護証所有者の権利制限,NULL,NULL,NULL
A0191,191,Nghĩa vụ của chủ bằng bảo hộ và tác giả giống cây trồng,Obligations of Protection Certificate Holders and Breeders,保護証所有者・著作者の義務,NULL,NULL,NULL
A0192,192,Chuyển giao quyền sử dụng giống cây trồng,Licensing of Plant Variety Use,植物品種使用権の譲渡,NULL,NULL,NULL
A0193,193,Quyền của các bên trong hợp đồng chuyển giao quyền sử dụng,Rights of Parties in Contracts for Licensing,使用権譲渡契約当事者の権利,NULL,NULL,NULL
A0194,194,Chuyển nhượng quyền đối với giống cây trồng,Assignment of Plant Variety Rights,植物品種権の譲渡,NULL,NULL,NULL
A0195,195,Căn cứ và điều kiện bắt buộc chuyển giao quyền sử dụng giống cây trồng,Grounds and Conditions for Compulsory Licensing of Plant Varieties,植物品種使用権強制移転の根拠および条件,NULL,NULL,NULL
A0196,196,Thẩm quyền và thủ tục chuyển giao quyền sử dụng giống cây trồng theo quyết định bắt buộc,Authority and Procedures for Compulsory Licensing of Plant Varieties,植物品種使用権強制移転の権限および手続き,NULL,NULL,NULL
A0197,197,Quyền của chủ bằng bảo hộ trong trường hợp bị bắt buộc chuyển giao quyền sử dụng giống cây trồng,Rights of Protection Certificate Holders in Cases of Compulsory Licensing,強制移転された場合の保護証所有者の権利,Chủ bằng bảo hộ bị bắt buộc phải chuyển giao quyền sử dụng giống cây trồng có các quyền sau đây:,The owner of a protection certificate who is required to transfer the right to use a plant variety has the following rights:,植物品種の使用権を譲渡する必要がある保護証明書の所有者には、以下の権利があります。
A0198,198,Quyền tự bảo vệ,Right to Self-Protection,自己保護権,NULL,NULL,NULL
A0199,199,Biện pháp xử lý hành vi xâm phạm quyền sở hữu trí tuệ,Measures Against Infringement of Intellectual Property Rights,知的財産権侵害行為に対する対処措置,NULL,NULL,NULL
A0200,200,Thẩm quyền xử lý hành vi xâm phạm quyền sở hữu trí tuệ,Competence to Handle Acts of Infringement of Intellectual Property Rights,知的財産権侵害行為の処理権限,NULL,NULL,NULL
A0201,201,Giám định về sở hữu trí tuệ,Intellectual Property Appraisal,知的財産鑑定,NULL,NULL,NULL
A0202,202,Các biện pháp dân sự,Civil Remedies,民事的措置,"Toà án áp dụng các biện pháp dân sự sau đây để xử lý tổ chức, cá nhân có hành vi xâm phạm quyền sở hữu trí tuệ:",The Court applies the following civil measures to handle organizations and individuals who infringe upon intellectual property rights:,裁判所は、知的財産権を侵害する組織および個人に対して、以下の民事措置を適用します。
A0203,203,Quyền và nghĩa vụ chứng minh của đương sự,Rights and Obligations of Parties in Proving Infringement,当事者の立証権利および義務,NULL,NULL,NULL
A0204,204,Nguyên tắc xác định thiệt hại do xâm phạm quyền sở hữu trí tuệ,Principles for Determining Damages Caused by Infringement of Intellectual Property Rights,知的財産権侵害による損害額の算定原則,NULL,NULL,NULL
A0205,205,Căn cứ xác định mức bồi thường thiệt hại do xâm phạm quyền sở hữu trí tuệ,Basis for Determining Level of Compensation,損害賠償額の算定根拠,NULL,NULL,NULL
A0206,206,Quyền yêu cầu Toà án áp dụng biện pháp khẩn cấp tạm thời,Right to Request Court to Apply Provisional Urgent Measures,裁判所による仮処分措置の申立権,NULL,NULL,NULL
A0207,207,Các biện pháp khẩn cấp tạm thời,Provisional Urgent Measures,仮処分措置,NULL,NULL,NULL
A0208,208,Nghĩa vụ của người yêu cầu áp dụng biện pháp khẩn cấp tạm thời,Obligations of the Requester of Provisional Measures,仮処分申立人の義務,NULL,NULL,NULL
A0209,209,Huỷ bỏ việc áp dụng biện pháp khẩn cấp tạm thời,Revocation of Provisional Urgent Measures,仮処分措置の取消し,NULL,NULL,NULL
A0210,210,"Thẩm quyền, thủ tục áp dụng biện pháp khẩn cấp tạm thời",Authority and Procedures for Applying Provisional Measures,仮処分措置の実施権限および手続き,NULL,NULL,NULL
A0211,211,Hành vi xâm phạm quyền sở hữu trí tuệ bị xử phạt hành chính,Acts of Infringement of Intellectual Property Rights Subject to Administrative Penalties,行政処分の対象となる知的財産権侵害行為,NULL,NULL,NULL
A0212,212,Hành vi xâm phạm quyền sở hữu trí tuệ bị xử lý hình sự,Acts of Infringement Subject to Criminal Liability,刑事処分の対象となる知的財産権侵害行為,NULL,NULL,NULL
A0213,213,Hàng hoá giả mạo về sở hữu trí tuệ,Counterfeit Goods in Terms of Intellectual Property,知的財産権を侵害する偽造品,NULL,NULL,NULL
A0214,214,Các hình thức xử phạt hành chính và biện pháp khắc phục hậu quả,Forms of Administrative Sanctions and Remedial Measures,行政処分の形態および損害回復措置,NULL,NULL,NULL
A0215,215,Các biện pháp ngăn chặn và bảo đảm xử phạt hành chính,Preventive Measures and Measures to Secure Administrative Sanctions,行政処分の防止措置および保証措置,NULL,NULL,NULL
A0216,216,"Biện pháp kiểm soát hàng hoá xuất khẩu, nhập khẩu liên quan đến sở hữu trí tuệ",Control of Export and Import Goods Related to Intellectual Property,輸出入に関する知的財産の監視措置,NULL,NULL,NULL
A0217,217,"Nghĩa vụ của người yêu cầu áp dụng biện pháp kiểm soát hàng hoá xuất khẩu, nhập khẩu liên quan đến sở hữu trí tuệ",Obligations of Applicants for Measures on Export/Import Control,輸出入に関する知的財産の監視申請者の義務,NULL,NULL,NULL
A0218,218,Thủ tục áp dụng biện pháp tạm dừng làm thủ tục hải quan,Procedures for Suspension of Customs Clearance,税関手続きの一時停止措置,NULL,NULL,NULL
A0219,219,"Kiểm tra, giám sát để phát hiện hàng hoá có dấu hiệu xâm phạm quyền sở hữu trí tuệ",Inspection and Supervision to Detect Infringement of Intellectual Property Rights,知的財産侵害の監視・検査,NULL,NULL,NULL
A0220,220,Điều khoản chuyển tiếp,Transitional Provisions,経過規定,NULL,NULL,NULL
A0221,221,Hiệu lực thi hành,Effectiveness,施行効力,NULL,NULL,NULL
A0222,222,Hướng dẫn thi hành,Implementation Guidance,施行指針,NULL,NULL,NULL
A0223,1,Phạm vi điều chỉnh,Scope of adjustment,調整範囲,NULL,NULL,NULL
A0224,2,Đối tượng áp dụng,Applicable objects,適用対象,Nghị định này áp dụng đối với:,This Decree applies to:,この政令は以下に適用されます。
A0225,3,Giải thích từ ngữ,Word explanation,単語の説明,"Trong Nghị định này, các từ ngữ dưới đây được hiểu như sau:","In this Decree, the following terms are construed as follows:",この政令において、以下の用語は以下のように解釈される。
A0226,4,"Chính sách của Nhà nước về quyền tác giả, quyền liên quan",State policy on copyright and related rights,著作権および関連する権利に関する州の政策,NULL,NULL,NULL
A0227,5,"Trách nhiệm và nội dung quản lý nhà nước về quyền tác giả, quyền liên quan",Responsibilities and contents of state management of copyright and related rights,著作権および関連する権利の国家管理の責任と内容,NULL,NULL,NULL
A0228,6,Các loại hình tác phẩm được bảo hộ quyền tác giả,Types of works protected by copyright,著作権で保護される作品の種類,NULL,NULL,NULL
A0229,7,Tác phẩm phái sinh,Derivative works,派生作品,"Tác phẩm phái sinh quy định tại khoản 2 Điều 14 của Luật Sở hữu trí tuệ là tác phẩm được sáng tạo trên cơ sở một hoặc nhiều tác phẩm đã có, bao gồm:","Derivative works specified in Clause 2, Article 14 of the Law on Intellectual Property are works created on the basis of one or more existing works, including:",知的財産法第 14 条第 2 項に規定される派生的著作物とは、1 つ以上の既存の著作物に基づいて作成された著作物であり、次のようなものが含まれます。
A0230,8,Đối tượng không thuộc phạm vi bảo hộ quyền tác giả,Objects not covered by copyright protection,著作権保護の対象外となるもの,NULL,NULL,NULL
A0231,9,"Quyền tác giả đối với bài giảng, bài phát biểu, bài nói khác","Copyright for lectures, speeches, and other talks",講義、スピーチ、その他の講演の著作権,NULL,NULL,NULL
A0232,10,Quyền tác giả đối với tác phẩm điện ảnh,Copyright in cinematographic works,映画作品の著作権,NULL,NULL,NULL
A0233,11,Quyền tác giả đối với tác phẩm kiến trúc,Copyright in architectural works,建築作品の著作権,NULL,NULL,NULL
A0234,12,Quyền tác giả đối với chương trình máy tính,Copyright in computer programs,コンピュータプログラムの著作権,NULL,NULL,NULL
A0235,13,"Quyền tác giả đối với tác phẩm văn học, nghệ thuật dân gian",Copyright for literary and folk art works,文学作品および民俗芸術作品の著作権,NULL,NULL,NULL
A0236,14,Quyền nhân thân,Personal rights,個人の権利,NULL,NULL,NULL
A0237,15,Quyền biểu diễn tác phẩm trước công chúng,Right to perform works in public,公衆の面前で作品を上演する権利,"Quyền biểu diễn tác phẩm trước công chúng trực tiếp hoặc gián tiếp thông qua các bản ghi âm, ghi hình hoặc bất kỳ phương tiện kỹ thuật nào tại địa điểm mà công chúng có thể tiếp cận được nhưng công chúng không thể tự do lựa chọn thời gian và từng phần tác phẩm quy định tại điểm b khoản 1 Điều 20 của Luật Sở hữu trí tuệ được hiểu như sau:","The right to perform a work to the public directly or indirectly through audio or video recordings or any technical means at a location accessible to the public but where the public cannot freely choose the time and each part of the work as prescribed in Point b, Clause 1, Article 20 of the Law on Intellectual Property is understood as follows:",知的財産法第20条第1項b号に規定されているように、公衆が自由に作品の時間および各部分を選択できない場所で、オーディオまたはビデオ録画またはその他の技術的手段を通じて、直接的または間接的に作品を公衆に上演する権利は、次のように理解されます。
A0238,16,"Quyền của đồng tác giả, đồng chủ sở hữu quyền tác giả","Rights of co-authors, co-owners of copyright",共著者、著作権の共同所有者の権利,NULL,NULL,NULL
A0239,17,Thời hạn bảo hộ quyền tác giả đối với tác phẩm di cảo,Duration of copyright protection for posthumous works,死後著作物の著作権保護期間,NULL,NULL,NULL
A0240,18,Chủ sở hữu quyền tác giả,Copyright owner,著作権者,Chủ sở hữu quyền tác giả quy định tại Điều 36 của Luật Sở hữu trí tuệ bao gồm:,Copyright owners specified in Article 36 of the Law on Intellectual Property include:,知的財産法第36条に規定される著作権者には以下が含まれます。
A0241,19,Quyền của người biểu diễn,Performer's Rights,実演家の権利,NULL,NULL,NULL
A0242,20,Sử dụng chương trình phát sóng,Use the broadcast,放送を利用する,NULL,NULL,NULL
A0243,21,"Chuyển quyền sử dụng quyền tác giả, quyền liên quan",Transfer of copyright and related rights,著作権および関連する権利の譲渡,NULL,NULL,NULL
A0244,22,"Sử dụng tác phẩm, cuộc biểu diễn, bản ghi âm, ghi hình, chương trình phát sóng mà Nhà nước là đại diện chủ sở hữu quyền tác giả, chủ sở hữu quyền liên quan","Use of works, performances, sound recordings, video recordings, and broadcasts of which the State is the representative owner of copyright or related rights",国が著作権または関連する権利の代表者である著作物、実演、録音、録画、放送の利用,NULL,NULL,NULL
A0245,23,"Sử dụng tác phẩm, cuộc biểu diễn, bản ghi âm, ghi hình, chương trình phát sóng mà Nhà nước là đại diện quản lý quyền tác giả, quyền liên quan","Use of works, performances, audio and video recordings, and broadcasts for which the State is the representative in charge of copyright and related rights management",国が著作権及び関連する権利の管理を代表している著作物、実演、オーディオ及びビデオの録音、放送の利用,NULL,NULL,NULL
A0246,24,"Sử dụng tác phẩm, cuộc biểu diễn, bản ghi âm, ghi hình, chương trình phát sóng thuộc về công chúng","Use of works, performances, sound recordings, video recordings, and broadcasts in the public domain",パブリックドメインの作品、パフォーマンス、録音、ビデオ録画、放送の使用,NULL,NULL,NULL
A0247,25,Sao chép hợp lý một phần tác phẩm bằng thiết bị sao chép,Fair copying of a part of a work by means of a copying device,コピー機器による著作物の一部の公正なコピー,NULL,NULL,NULL
A0248,26,Sử dụng hợp lý tác phẩm,Fair use of the work,作品の公正利用,NULL,NULL,NULL
A0249,27,Sử dụng tác phẩm trong hoạt động công vụ của cơ quan nhà nước,Use of works in public service activities of state agencies,政府機関の公共サービス活動における著作物の利用,NULL,NULL,NULL
A0250,28,Trích dẫn hợp lý tác phẩm,Proper citation of the work,作品の適切な引用,Trích dẫn hợp lý tác phẩm quy định tại điểm đ khoản 1 Điều 25 của Luật Sở hữu trí tuệ phải đáp ứng đủ các điều kiện sau:,"Reasonable citation of a work as prescribed in Point d, Clause 1, Article 25 of the Law on Intellectual Property must satisfy the following conditions:",知的財産法第25条第1項d号に規定される著作物の合理的な引用は、以下の条件を満たす必要があります。
A0251,29,Sử dụng tác phẩm trong hoạt động thư viện không nhằm mục đích thương mại,Use of works in library activities for non-commercial purposes,図書館活動における非営利目的の著作物の利用,NULL,NULL,NULL
A0252,30,Ngoại lệ không xâm phạm quyền tác giả dành cho người khuyết tật,Non-Infringement Exception for People with Disabilities,障害者に対する非侵害例外,NULL,NULL,NULL
A0253,31,"Sao chép hợp lý một phần cuộc biểu diễn, bản ghi âm, ghi hình, chương trình phát sóng","Fair reproduction of part of a performance, sound recording, video recording, broadcast",演奏、録音、録画、放送の一部の公正な複製,"Việc sao chép hợp lý một phần cuộc biểu diễn, bản ghi âm, ghi hình, chương trình phát sóng để giảng dạy trực tiếp của cá nhân và không nhằm mục đích thương mại quy định tại điểm c khoản 1 Điều 32 của Luật Sở hữu trí tuệ phải đáp ứng các điều kiện sau:","Reasonable copying of a part of a performance, audio recording, video recording, or broadcast program for direct teaching by an individual and not for commercial purposes as prescribed in Point c, Clause 1, Article 32 of the Law on Intellectual Property must satisfy the following conditions:",知的財産法第32条第1項c号に規定されているように、個人が直接指導するために、かつ商業目的ではなく、実演、録音、録画、または放送番組の一部を合理的に複製する場合は、以下の条件を満たす必要があります。
A0254,32,"Trích dẫn hợp lý cuộc biểu diễn, bản ghi âm, ghi hình, chương trình phát sóng","Fair citation of performances, sound recordings, video recordings, broadcasts",公演、録音、ビデオ録画、放送の公正な引用,NULL,NULL,NULL
A0255,33,Bản sao tạm thời,Temporary copy,一時コピー,NULL,NULL,NULL
A0256,34,"Sử dụng tác phẩm, bản ghi âm, ghi hình trong trường hợp giới hạn quyền tác giả, giới hạn quyền liên quan","Use of works, recordings, and videos in cases of copyright and related rights restrictions",著作権および関連する権利の制限がある場合の作品、録音物、ビデオの使用,NULL,NULL,NULL
A0257,35,"Trả tiền bản quyền trong trường hợp giới hạn quyền tác giả, giới hạn quyền liên quan","Payment of royalties in case of copyright limitation, related rights limitation",著作権の制限、著作隣接権の制限の場合の使用料の支払い,NULL,NULL,NULL
A0258,36,"Khai thác, sử dụng quyền dịch các tác phẩm từ tiếng nước ngoài sang tiếng Việt để giảng dạy, nghiên cứu không nhằm mục đích thương mại",Exploiting and using the right to translate works from foreign languages into Vietnamese for teaching and research purposes not for commercial purposes.,商業目的ではなく、教育および研究の目的で、外国語の作品をベトナム語に翻訳する権利を活用し、使用すること。,NULL,NULL,NULL
A0259,37,"Khai thác, sử dụng quyền sao chép để giảng dạy, nghiên cứu không nhằm mục đích thương mại",Exploiting and using the right to copy for teaching and research purposes is not for commercial purposes.,教育および研究目的で複製権を活用および使用することは、商業目的ではありません。,NULL,NULL,NULL
A0260,38,"Nộp hồ sơ đăng ký quyền tác giả, đăng ký quyền liên quan","Submit application for copyright registration, related rights registration",著作権登録、著作隣接権登録の申請,NULL,NULL,NULL
A0261,39,"Cấp Giấy chứng nhận đăng ký quyền tác giả, Giấy chứng nhận đăng ký quyền liên quan","Issuance of Certificate of Copyright Registration, Certificate of Registration of Related Rights",著作権登録証明書、著作隣接権登録証明書の発行,NULL,NULL,NULL
A0262,40,"Cấp lại Giấy chứng nhận đăng ký quyền tác giả, Giấy chứng nhận đăng ký quyền liên quan","Re-issuance of Certificate of Copyright Registration, Certificate of Registration of Related Rights",著作権登録証明書、著作隣接権登録証明書の再発行,NULL,NULL,NULL
A0263,41,"Cấp đổi Giấy chứng nhận đăng ký quyền tác giả, Giấy chứng nhận đăng ký quyền liên quan","Issuance and exchange of Certificate of copyright registration, Certificate of registration of related rights",著作権登録証明書、著作隣接権登録証明書の発行および交換,NULL,NULL,NULL
A0264,42,"Hủy bỏ hiệu lực Giấy chứng nhận đăng ký quyền tác giả, Giấy chứng nhận đăng ký quyền liên quan",Cancellation of the validity of the Certificate of Copyright Registration and Certificate of Related Rights Registration,著作権登録証及び著作隣接権登録証の効力の取消し,NULL,NULL,NULL
A0265,43,"Yêu cầu về tác phẩm, cuộc biểu diễn, bản ghi âm, ghi hình, chương trình phát sóng trong hồ sơ đăng ký quyền tác giả, đăng ký quyền liên quan","Requirements for works, performances, audio recordings, video recordings, and broadcasts in copyright registration and related rights registration dossiers",著作権登録および著作隣接権登録書類における著作物、実演、録音、録画、放送に関する要件,NULL,NULL,NULL
A0266,44,"Hiệu lực Giấy chứng nhận đăng ký quyền tác giả, Giấy chứng nhận đăng ký quyền liên quan","Validity of Certificate of Copyright Registration, Certificate of Registration of Related Rights",著作権登録証明書、著作隣接権登録証明書の有効期間,NULL,NULL,NULL
A0267,45,"Tổ chức đại diện tập thể quyền tác giả, quyền liên quan",Collective representative organization of copyright and related rights,著作権および関連する権利の集団的代表組織,NULL,NULL,NULL
A0268,46,Biểu mức tiền bản quyền,Royalty Rate Schedule,ロイヤルティ率表,NULL,NULL,NULL
A0269,47,Phê duyệt biểu mức và phương thức thanh toán tiền bản quyền,Approve royalty rates and payment methods,ロイヤリティ率と支払い方法を承認する,NULL,NULL,NULL
A0270,48,"Thu, phân chia tiền bản quyền",Collect and distribute royalties,ロイヤリティの徴収と分配,NULL,NULL,NULL
A0271,49,"Trường hợp không tìm thấy hoặc không liên lạc được với tác giả, chủ sở hữu quyền tác giả, chủ sở hữu quyền liên quan đã ủy quyền","In case the author, copyright owner, or authorized related rights owner cannot be found or contacted,",著者、著作権者、または正当な権利を有する者が見つからない場合、または連絡が取れない場合は、,NULL,NULL,NULL
A0272,50,"Khai thác, sử dụng bản ghi âm, ghi hình do tổ chức đạỉ diện tập thể quyền tác giả, quyền liên quan cấp phép",Exploitation and use of audio and video recordings licensed by organizations representing collective copyright and related rights,集団著作権および関連する権利を代表する組織によってライセンスされたオーディオおよびビデオ録画の利用および使用,NULL,NULL,NULL
A0273,51,"Cơ cấu tổ chức của tổ chức đại diện tập thể quyền tác giả, quyền liên quan",Organizational structure of the collective representative organization of copyright and related rights,著作権及び関連する権利に関する集団的代表組織の組織構造,NULL,NULL,NULL
A0274,52,"Hội viên của tổ chức đại diện tập thể quyền tác giả, quyền liên quan",Member of the organization representing collective copyright and related rights,著作権および関連する権利の集団的代表団体の会員,NULL,NULL,NULL
A0275,53,"Công khai, minh bạch trong hoạt động quản lý, điều hành của tổ chức đại diện tập thể quyền tác giả, quyền liên quan",Publicity and transparency in management and operation of collective copyright and related rights organizations,著作権および関連する権利の集団的管理運営における広報と透明性,NULL,NULL,NULL
A0276,54,Thực hiện chế độ báo cáo,Implement reporting regime,報告制度の導入,NULL,NULL,NULL
A0277,55,"Tổ chức tư vấn, dịch vụ quyền tác giả, quyền liên quan","Consulting organization, copyright and related rights services",コンサルティング組織、著作権および関連する権利サービス,NULL,NULL,NULL
A0278,56,"Quy định chung về bảo vệ quyền tác giả, quyền liên quan",General provisions on copyright and related rights protection,著作権および関連する権利の保護に関する一般規定,NULL,NULL,NULL
A0279,57,"Áp dụng các biện pháp dân sự, hành chính, hình sự để bảo vệ quyền tác giả, quyền liên quan","Apply civil, administrative and criminal measures to protect copyright and related rights.",著作権および関連する権利を保護するために民事、行政、刑事措置を適用します。,"Tổ chức, cá nhân có hành vi xâm phạm quyền tác giả, quyền liên quan của tổ chức, cá nhân khác thì tùy theo tính chất, mức độ xâm phạm có thể bị xử lý bằng biện pháp dân sự, hành chính hoặc hình sự theo quy định tại Phần thứ năm (Bảo vệ quyền sở hữu trí tuệ) của Luật Sở hữu trí tuệ và theo quy định sau đây:","Organizations and individuals who infringe upon the copyright or related rights of other organizations and individuals may, depending on the nature and extent of the infringement, be subject to civil, administrative or criminal measures as prescribed in Part Five (Protection of Intellectual Property Rights) of the Law on Intellectual Property and the following provisions:",他の組織や個人の著作権または関連する権利を侵害する組織や個人は、侵害の性質と範囲に応じて、知的財産法の第 5 部 (知的財産権の保護) および以下の規定に従って、民事、行政、刑事措置の対象となる場合があります。
A0280,58,"Thực hiện quyền tự bảo vệ quyền tác giả, quyền liên quan",Exercise the right to self-protect copyright and related rights,著作権および関連する権利を自己保護する権利を行使する,NULL,NULL,NULL
A0281,59,"Giả định về quyền tác giả, quyền liên quan",Presumption of copyright and related rights,著作権および関連する権利の推定,NULL,NULL,NULL
A0282,60,Thông tin quản lý quyền,Rights management information,権利管理情報,NULL,NULL,NULL
A0283,61,Biện pháp công nghệ bảo vệ quyền,Technological measures to protect rights,権利を保護するための技術的手段,NULL,NULL,NULL
A0284,62,Các tranh chấp về quyền tác giả,Copyright disputes,著作権紛争,NULL,NULL,NULL
A0285,63,Các tranh chấp về quyền liên quan,Disputes over related rights,関連する権利に関する紛争,NULL,NULL,NULL
A0286,64,"Căn cứ xác định hành vi xâm phạm quyền tác giả, quyền liên quan",Basis for determining acts of copyright and related rights infringement,著作権および関連する権利の侵害行為を判断する根拠,"Căn cứ xác định hành vi xâm phạm quyền tác giả, quyền liên quan quy định tại các điều 28 và 35 của Luật Sở hữu trí tuệ bao gồm:",The basis for determining acts of infringement of copyright and related rights as prescribed in Articles 28 and 35 of the Law on Intellectual Property includes:,知的財産法第28条および第35条に規定されている著作権および関連する権利の侵害行為を判断する根拠は次のとおりです。
A0287,65,"Căn cứ xác định đối tượng được bảo hộ quyền tác giả, quyền liên quan",Basis for determining objects protected by copyright and related rights,著作権および関連する権利によって保護される対象を決定するための基準,NULL,NULL,NULL
A0288,66,Xác định yếu tố xâm phạm quyền tác giả,Identify copyright infringement elements,著作権侵害要素を特定する,NULL,NULL,NULL
A0289,67,Xác định yếu tố xâm phạm quyền liên quan,Identify the elements of infringement of related rights,関連権侵害の要素を特定する,NULL,NULL,NULL
A0290,68,Căn cứ xác định tính chất và mức độ xâm phạm,Basis for determining the nature and extent of infringement,侵害の性質および範囲を決定するための根拠,NULL,NULL,NULL
A0291,69,"Nguyên tắc xác định thiệt hại do xâm phạm quyền tác giả, quyền liên quan",Principles for determining damages caused by infringement of copyright and related rights,著作権および関連する権利の侵害による損害賠償の決定に関する原則,NULL,NULL,NULL
A0292,70,Thiệt hại về tinh thần,Mental damage,精神的ダメージ,NULL,NULL,NULL
A0293,71,Thiệt hại về tài sản,Property damage,財産損害,NULL,NULL,NULL
A0294,72,"Giảm sút về thu nhập, lợi nhuận",Decline in income and profits,収入と利益の減少,NULL,NULL,NULL
A0295,73,Tổn thất về cơ hội kinh doanh,Loss of business opportunity,ビジネス機会の損失,NULL,NULL,NULL
A0296,74,"Chi phí hợp lý để ngăn chặn, khắc phục thiệt hại",Reasonable costs to prevent and remedy damage,損害を防止し、修復するための合理的な費用,NULL,NULL,NULL
A0297,75,"Đơn yêu cầu xử ỉý hành vi xâm phạm quyền tác giả, quyền liên quan",Application for handling of copyright and related rights infringement,著作権および関連する権利の侵害の処理に関する申請,NULL,NULL,NULL
A0298,76,"Tài liệu, chứng cứ kèm theo đơn yêu cầu xử lý hành vi xâm phạm quyền tác giả, quyền liên quan",Documents and evidence attached to the petition for handling of copyright and related rights infringement,著作権及び関連する権利の侵害の処理を求める申立てに添付する書類及び証拠,NULL,NULL,NULL
A0299,77,"Chứng cứ chứng minh chủ thể quyền tác giả, quyền liên quan",Evidence proving copyright and related rights,著作権および関連する権利を証明する証拠,NULL,NULL,NULL
A0300,78,"Chứng cử chứng minh xâm phạm quyền tác giả, quyền liên quan",Evidence of copyright and related rights infringement,著作権および関連する権利の侵害の証拠,NULL,NULL,NULL
A0301,79,"Trách nhiệm của người yêu cầu xử lý hành vi xâm phạm quyền tác giả, quyền liên quan",Responsibilities of the person requesting to handle acts of copyright and related rights infringement,著作権および関連する権利の侵害行為の処理を依頼する者の責任,NULL,NULL,NULL
A0302,80,"Nộp đơn và giải quyết đơn yêu cầu xử lý hành vi xâm phạm quyền tác giả, quyền liên quan",Submitting and resolving requests for handling copyright and related rights infringements,著作権および関連する権利の侵害への対処に関するリクエストの提出と解決,NULL,NULL,NULL
A0303,81,"Xác định giá trị hàng hóa xâm phạm quyền tác giả, quyền liên quan",Determining the value of goods infringing copyright and related rights,著作権および関連する権利を侵害する商品の価値の決定,NULL,NULL,NULL
A0304,82,"Xử lý hàng hóa xâm phạm quyền tác giả, quyền liên quan",Handling of goods infringing copyright and related rights,著作権および関連する権利を侵害する商品の取り扱い,NULL,NULL,NULL
A0305,83,Buộc phân phối hoặc đưa vào sử dụng không nhằm mục đích thương mại,Compulsory distribution or use for non-commercial purposes,強制的な配布または非営利目的での使用,NULL,NULL,NULL
A0306,84,Buộc tiêu hủy,Forced destruction,強制破壊,NULL,NULL,NULL
A0307,85,Tịch thu,Confiscation,没収,NULL,NULL,NULL
A0308,86,"Quyền yêu cầu kiểm soát hàng hóa xuất khẩu, nhập khẩu liên quan đến quyền tác giả, quyền liên quan",Right to request control of exported and imported goods related to copyright and related rights,著作権及び関連する権利に関連する輸出入物品の管理を要求する権利,NULL,NULL,NULL
A0309,87,Cơ quan hải quan có thẩm quyền tiếp nhận đơn,The competent customs authority receiving the application,申請を受理した管轄税関当局,NULL,NULL,NULL
A0310,88,Thủ tục xử lý đơn,Application processing procedure,申請処理手順,NULL,NULL,NULL
A0311,89,"Thẩm quyền, trình tự, thủ tục chủ động tạm dừng làm thủ tục hải quan","Authority, order and procedures for proactively suspending customs procedures",税関手続きを積極的に停止するための権限、命令、手続き,NULL,NULL,NULL
A0312,90,"Xử lý hàng hóa có dấu hiệu xâm phạm quyền tác giả, quyền liên quan",Handling of goods showing signs of copyright and related rights infringement,著作権および関連する権利を侵害する兆候がある商品の取り扱い,NULL,NULL,NULL
A0313,91,"Thủ tục kiểm soát hàng hóa xuất khẩu, nhập khẩu liên quan đến quyền tác giả, quyền liên quan",Procedures for controlling export and import goods related to copyright and related rights,著作権及び関連する権利に関する輸出入貨物の管理手続き,NULL,NULL,NULL
A0314,92,Giám định về quyền tác giả và quyền liên quan,Appraisal of copyright and related rights,著作権および関連する権利の評価,NULL,NULL,NULL
A0315,93,"Giám định viên quyền tác giả, quyền liên quan",Copyright and related rights appraiser,著作権および関連する権利の評価者,NULL,NULL,NULL
A0316,94,"Hình thức hoạt động giám định của giám định viên quyền tác gỉả, quyền liên quan",Forms of appraisal activities of copyright and related rights appraisers,著作権鑑定士の鑑定活動の形態,NULL,NULL,NULL
A0317,95,"Tổ chức giám định quyền tác giả, quyền liên quan",Organization of copyright and related rights appraisal,著作権および関連する権利の評価の組織,NULL,NULL,NULL
A0318,96,"Thẩm quyền cấp, cấp lại, thu hồi Thẻ giám định viên, Giấy chứng nhận tổ chức giám định","Authority to grant, re-grant, and revoke Appraiser Cards and Appraisal Organization Certificates",鑑定士カードおよび鑑定機関証明書の発行、再発行、取り消しの権限,NULL,NULL,NULL
A0319,97,"Kiểm tra nghiệp vụ giám định quyền tác gỉả, quyền liên quan",Checking the professional appraisal of copyright and related rights,著作権および関連する権利に関する専門家の評価を確認する,NULL,NULL,NULL
A0320,98,"Thủ tục cấp, cấp lại, thu hồi Thẻ giám định viên quyền tác giả, quyền liên quan","Procedures for granting, re-granting and revoking Copyright and related rights appraiser cards",著作権および関連する権利鑑定士カードの付与、再付与および取り消しの手続き,NULL,NULL,NULL
A0321,99,"Thủ tục cấp, cấp lại, thu hồi Giấy chứng nhận tổ chức giám định quyền tác giả, quyền liên quan","Procedures for granting, re-granting and revoking Certificates of organizations for appraisal of copyright and related rights",著作権及び関連する権利の評価を行う機関の証明書の付与、再付与及び取消しの手続き,NULL,NULL,NULL
A0322,100,"Yêu cầu giám định quyền tác giả, quyền liên quan",Request for appraisal of copyright and related rights,著作権および関連する権利の評価の依頼,NULL,NULL,NULL
A0323,101,"Tiếp nhận yêu cầu giám định quyền tác giả, quyền liên quan",Receive requests for appraisal of copyright and related rights,著作権および関連する権利の評価の依頼を受ける,NULL,NULL,NULL
A0324,102,"Hợp đồng dịch vụ giám định quyền tác giả, quyền liên quan",Contract for copyright and related rights appraisal services,著作権および関連する権利の評価サービス契約,NULL,NULL,NULL
A0325,103,"Giao, nhận, trả lại đối tượng giám định quyền tác giả, quyền liên quan","Delivery, receipt and return of objects for appraisal of copyright and related rights",著作権および関連する権利の評価のための物品の配送、受領および返却,"Trong trường hợp việc yêu cầu giám định có kèm theo đối tượng giám định thì việc giao, nhận, trả lại đối tượng giám định phải lập thành biên bản và có các nội dung chủ yếu sau đây:","In case the request for appraisal is accompanied by the appraisal object, the delivery, receipt and return of the appraisal object must be recorded in a record with the following main contents:",鑑定の依頼に鑑定対象物が添付されている場合には、鑑定対象の交付、受領及び返却について、次に掲げる主な内容を記載した調書を作成しなければならない。
A0326,104,"Lấy mẫu giám định quyền tác giả, quyền liên quan",Sample collection for copyright and related rights appraisal,著作権および関連する権利の評価のためのサンプルコレクション,NULL,NULL,NULL
A0327,105,"Thực hiện giám định quyền tác giả, quyền liên quan",Conduct appraisal of copyright and related rights,著作権および関連する権利の評価を実施する,NULL,NULL,NULL
A0328,106,"Giám định bổ sung, giám định lại","Additional assessment, re-assessment",追加評価、再評価,NULL,NULL,NULL
A0329,107,"Hội đồng tư vấn giám định quyền tác giả, quyền liên quan",Advisory Council for Copyright and Related Rights Appraisal,著作権及び関連する権利の評価に関する諮問委員会,NULL,NULL,NULL
A0330,108,"Kết luận giám định quyền tác giả, quyền liên quan",Conclusion of copyright and related rights appraisal,著作権および関連する権利の評価の結論,NULL,NULL,NULL
A0331,109,"Chi phí thực hiện giám định quyền tác giả, quyền liên quan",Cost of performing copyright and related rights appraisal,著作権および関連する権利の評価にかかる費用,NULL,NULL,NULL
A0332,110,Doanh nghiệp cung cấp dịch vụ trung gian,Intermediary service provider,仲介サービスプロバイダー,NULL,NULL,NULL
A0333,111,"Trách nhiệm của doanh nghiệp cung cấp dịch vụ trung gian trong việc bảo vệ quyền tác giả, quyền liên quan trên môi trường mạng viễn thông và mạng Internet",Responsibilities of intermediary service providers in protecting copyright and related rights in the telecommunications network and Internet environment,電気通信ネットワークおよびインターネット環境における著作権および関連する権利の保護に関する仲介サービス提供者の責任,NULL,NULL,NULL
A0334,112,"Trách nhiệm pháp lý của doanh nghiệp cung cấp dịch vụ trung gian đối với hành vi xâm phạm quyền tác giả, quyền liên quan",Legal liability of intermediary service providers for acts of infringement of copyright and related rights,著作権および関連する権利の侵害行為に対する仲介サービス提供者の法的責任,NULL,NULL,NULL
A0335,113,Quy trình gỡ bỏ hoặc ngăn chặn việc truy nhập tới nội dung thông tin số của doanh nghiệp cung cấp dịch vụ trung gian khi nhận đưọc yêu cầu của cơ quan nhà nước có thẩm quyền,The process of removing or blocking access to digital information content of an intermediary service provider upon receiving a request from a competent state agency.,管轄政府機関からの要請を受けて、仲介サービスプロバイダーのデジタル情報コンテンツへのアクセスを削除またはブロックするプロセス。,NULL,NULL,NULL
A0336,114,"Quy trình gỡ bỏ hoặc ngăn chặn việc truy nhập tới nội đung thông tin số của doanh nghiệp cung cấp dịch vụ trung gian khi nhận được yêu cầu của chủ thể quyền tác giả, quyền liên quan",The process of removing or blocking access to digital information content of an intermediary service provider upon receiving a request from the copyright or related rights owner.,著作権者または関連する権利所有者からのリクエストを受けて、仲介サービスプロバイダーのデジタル情報コンテンツへのアクセスを削除またはブロックするプロセス。,"Để được miễn trừ trách nhiệm pháp lý theo quy định tại điểm c khoản 3 Điều 198b của Luật Sở hữu trí tuệ, doanh nghiệp cung cấp dịch vụ trung gian quy định tại điểm c khoản 1 Điều 110 của Nghị định này phải thực hiện theo quy định sau:","To be exempted from legal liability as prescribed in Point c, Clause 3, Article 198b of the Law on Intellectual Property, enterprises providing intermediary services as prescribed in Point c, Clause 1, Article 110 of this Decree must comply with the following provisions:",知的財産法第198b条第3項c号に規定される法的責任を免除されるためには、本政令第110条第1項c号に規定される仲介サービスを提供する企業は、以下の規定を遵守する必要があります。
A0337,115,Hiệu lực thi hành,Effective Date,有効日,NULL,NULL,NULL
A0338,116,Trách nhiệm thi hành,Responsibility for implementation,実施責任,NULL,NULL,NULL